<?xml version="1.0" encoding="UTF-8"?>
<configuration>
    <!-- https://github.com/spring-projects/spring-boot/blob/v1.5.13.RELEASE/spring-boot/src/main/resources/org/springframework/boot/logging/logback/defaults.xml -->
    <property name="loggingCharset" value="utf-8" />
    
    <appender name="STDOUT" class="ch.qos.logback.core.ConsoleAppender">
        <target>System.out</target>
        <encoder>
            <pattern>
                %d{yyyy-MM-dd HH:mm:ss.SSS} %-5level %logger{36} - %msg%n
            </pattern>
            <charset>${loggingCharset}</charset>
        </encoder>
    </appender>

    <root level="DEBUG">
        <appender-ref ref="STDOUT" />
    </root>
</configuration>